{"loss": [0.0439147986471653, 0.02017570659518242, 0.017937280237674713], "val_loss": [0.04285573959350586, 0.042673032730817795, 0.041526224464178085]}