{"loss": [0.0445152223110199, 0.01921847276389599, 0.01643524318933487, 0.014367417432367802, 0.013263650238513947], "val_loss": [0.044596828520298004, 0.03998294845223427, 0.0355650894343853, 0.03346138447523117, 0.032663170248270035]}