{"loss": [0.38197609782218933, 0.12437275052070618, 0.06477807462215424, 0.05444379895925522, 0.04886210337281227, 0.04440650716423988, 0.04006265476346016, 0.03593002259731293, 0.03267857804894447, 0.030447939410805702], "val_loss": [0.18463529646396637, 0.02328374795615673, 0.014730595052242279, 0.011639631353318691, 0.011335531249642372, 0.014069857075810432, 0.02175755240023136, 0.03171391040086746, 0.03749905899167061, 0.03952942416071892]}