{"loss": [0.40434858202934265, 0.17940475046634674, 0.0822708010673523, 0.06582793593406677, 0.05774364992976189, 0.05234966799616814, 0.04841712489724159, 0.04542398080229759, 0.043038491159677505, 0.041131265461444855], "val_loss": [0.23234254121780396, 0.04035055264830589, 0.0219871923327446, 0.020033100619912148, 0.02574382908642292, 0.030550535768270493, 0.03817187622189522, 0.04202812537550926, 0.04217640683054924, 0.04587991535663605]}