{"loss": [0.4051453471183777, 0.14227113127708435, 0.07222078740596771, 0.05958239361643791, 0.053199563175439835, 0.0491296723484993, 0.04537951946258545, 0.04147910326719284, 0.03808969259262085, 0.0354221947491169], "val_loss": [0.19076880812644958, 0.026666797697544098, 0.015409259125590324, 0.012295814231038094, 0.011400938965380192, 0.011997979134321213, 0.01606789045035839, 0.02347235195338726, 0.02828788012266159, 0.03341434895992279]}